{
  "project_info": {
    "project_number": "866148185128",
    "project_id": "my-application-837ac",
    "storage_bucket": "my-application-837ac.appspot.com"
  },
  "client": [
    {
      "client_info": {
        "mobilesdk_app_id": "1:866148185128:android:56774973c0db9b6e11b11d",
        "android_client_info": {
          "package_name": "com.example.myapplication"
        }
      },
      "oauth_client": [],
      "api_key": [
        {
          "current_key": "AIzaSyAtyf5p-wDX3MFoxKJzOLv2NDnsDawhM9o"
        }
      ],
      "services": {
        "appinvite_service": {
          "other_platform_oauth_client": []
        }
      }
    }
  ],
  "configuration_version": "1"
}